Postal Code,Sales,Quantity,Discount,Profit
9977.0,9977.0,9977.0,9977.0,9977.0
55154.96411747018,230.14890150345792,3.7907186529016736,0.1562784404129498,28.69012955798336
32058.26681640102,623.7214089819958,2.2266569690332507,0.20645519815806543,234.4578401846758
1040.0,0.444,1.0,0.0,-6599.978
23223.0,17.3,2.0,0.0,1.7262
55901.0,54.816,3.0,0.2,8.671
90008.0,209.97,5.0,0.2,29.372
99301.0,22638.48,14.0,0.8,8399.976
